VendorID,tpep_pickup_datetime,tpep_dropoff_datetime,passenger_count,trip_distance,RatecodeID,store_and_fwd_flag,PULocationID,DOLocationID,payment_type,fare_amount,extra,mta_tax,tip_amount,tolls_amount,improvement_surcharge,total_amount

1,2018-01-01 00:21:05,2018-01-01 00:24:23,1,.50,1,N,41,24,2,4.5,0.5,0.5,0,0,0.3,5.8
1,2018-01-01 00:44:55,2018-01-01 01:03:05,1,2.70,1,N,239,140,2,14,0.5,0.5,0,0,0.3,15.3
1,2018-01-01 00:08:26,2018-01-01 00:14:21,2,.80,1,N,262,141,1,6,0.5,0.5,1,0,0.3,8.3
1,2018-01-01 00:20:22,2018-01-01 00:52:51,1,10.20,1,N,140,257,2,33.5,0.5,0.5,0,0,0.3,34.8
1,2018-01-01 00:09:18,2018-01-01 00:27:06,2,2.50,1,N,246,239,1,12.5,0.5,0.5,2.75,0,0.3,16.55
1,2018-01-01 00:29:29,2018-01-01 00:32:48,3,.50,1,N,143,143,2,4.5,0.5,0.5,0,0,0.3,5.8
1,2018-01-01 00:38:08,2018-01-01 00:48:24,2,1.70,1,N,50,239,1,9,0.5,0.5,2.05,0,0.3,12.35
1,2018-01-01 00:49:29,2018-01-01 00:51:53,1,.70,1,N,239,238,1,4,0.5,0.5,1,0,0.3,6.3
1,2018-01-01 00:56:38,2018-01-01 01:01:05,1,1.00,1,N,238,24,1,5.5,0.5,0.5,1.7,0,0.3,8.5
1,2018-01-01 00:17:04,2018-01-01 00:22:24,1,.70,1,N,170,170,2,5.5,0.5,0.5,0,0,0.3,6.8
1,2018-01-01 00:41:03,2018-01-01 00:46:49,1,.60,1,N,162,229,1,5.5,0.5,0.5,1.35,0,0.3,8.15
1,2018-01-01 00:52:54,2018-01-01 01:17:33,1,3.50,1,N,141,113,2,16.5,0.5,0.5,0,0,0.3,17.8
2,2018-01-01 00:17:54,2018-01-01 00:22:05,1,1.04,1,N,137,224,2,5.5,0.5,0.5,0,0,0.3,6.8
2,2018-01-01 00:24:47,2018-01-01 00:34:20,1,1.22,1,N,224,79,2,7.5,0.5,0.5,0,0,0.3,8.8
2,2018-01-01 00:37:57,2018-01-01 00:53:43,1,1.92,1,N,234,100,2,10,0.5,0.5,0,0,0.3,11.3
1,2018-01-01 00:35:53,2018-01-01 00:52:59,1,5.70,1,N,13,189,1,19,0.5,0.5,4.05,0,0.3,24.35
2,2018-01-01 00:30:47,2018-01-01 01:13:20,1,3.74,1,N,48,236,1,25.5,0.5,0.5,6.7,0,0.3,33.5
1,2018-01-01 00:21:45,2018-01-01 00:25:58,2,.60,1,N,163,162,1,4.5,0.5,0.5,1.7,0,0.3,7.5
1,2018-01-01 00:31:11,2018-01-01 01:07:56,1,10.90,1,N,229,61,2,35,0.5,0.5,0,0,0.3,36.3
2,2018-01-01 00:15:42,2018-01-01 00:21:38,5,1.22,1,N,236,75,2,6,0.5,0.5,0,0,0.3,7.3
2,2018-01-01 00:25:19,2018-01-01 00:45:02,5,3.13,1,N,263,143,2,13,0.5,0.5,0,0,0.3,14.3
2,2018-01-01 00:51:36,2018-01-01 01:04:13,5,2.22,1,N,239,24,2,9.5,0.5,0.5,0,0,0.3,10.8
2,2018-01-01 00:09:11,2018-01-01 00:30:24,1,2.93,1,N,90,233,1,14.5,0.5,0.5,2,0,0.3,17.8
2,2018-01-01 00:32:00,2018-01-01 00:58:50,1,3.52,1,N,233,125,2,18,0.5,0.5,0,0,0.3,19.3
1,2018-01-01 00:41:49,2018-01-01 00:54:44,4,3.00,1,N,161,146,1,12,0.5,0.5,2.65,0,0.3,15.95
2,2018-01-01 00:17:15,2018-01-01 00:21:49,5,.25,1,N,234,234,2,4.5,0.5,0.5,0,0,0.3,5.8
2,2018-01-01 00:24:54,2018-01-01 00:46:55,5,3.31,1,N,234,143,1,16,0.5,0.5,3.46,0,0.3,20.76
2,2018-01-01 00:48:40,2018-01-01 00:51:30,5,.57,1,N,142,239,1,4,0.5,0.5,1.06,0,0.3,6.36
1,2018-01-01 00:24:42,2018-01-01 00:31:56,2,.70,1,N,170,162,2,6,0.5,0.5,0,0,0.3,7.3
1,2018-01-01 00:36:09,2018-01-01 00:43:06,1,1.80,1,N,233,263,2,7.5,0.5,0.5,0,0,0.3,8.8
1,2018-01-01 00:49:20,2018-01-01 00:57:58,2,1.20,1,N,236,237,2,7.5,0.5,0.5,0,0,0.3,8.8
1,2018-01-01 00:13:37,2018-01-01 00:23:52,1,2.70,1,N,142,166,1,10.5,0.5,0.5,2.35,0,0.3,14.15
1,2018-01-01 00:33:29,2018-01-01 01:18:08,2,4.30,1,N,238,249,2,27.5,0.5,0.5,0,0,0.3,28.8
2,2018-01-01 00:15:34,2018-01-01 00:22:43,1,.89,1,N,151,238,2,5.5,0.5,0.5,0,0,0.3,6.8
2,2018-01-01 00:25:52,2018-01-01 00:29:24,1,.49,1,N,238,238,1,4.5,0.5,0.5,1.45,0,0.3,7.25
2,2018-01-01 00:32:10,2018-01-01 00:36:07,2,.80,1,N,238,151,1,5,0.5,0.5,1.26,0,0.3,7.56
2,2018-01-01 00:45:07,2018-01-01 00:58:29,1,2.09,1,N,238,143,1,11,0.5,0.5,2.46,0,0.3,14.76
2,2018-01-01 00:31:23,2018-01-01 00:45:38,1,2.32,1,N,186,231,1,11,0.5,0.5,3.08,0,0.3,15.38
2,2018-01-01 00:47:03,2018-01-01 01:26:24,1,9.49,1,N,231,116,1,35,0.5,0.5,9.08,0,0.3,45.38
1,2018-01-01 00:21:19,2018-01-01 00:28:33,2,2.50,1,N,141,145,1,9.5,0.5,0.5,2.7,0,0.3,13.5
1,2018-01-01 00:32:45,2018-01-01 00:47:19,1,4.60,1,N,145,263,1,15.5,0.5,0.5,4.2,0,0.3,21
1,2018-01-01 00:54:40,2018-01-01 01:03:54,1,3.00,1,N,141,146,2,10.5,0.5,0.5,0,0,0.3,11.8
1,2018-01-01 00:23:44,2018-01-01 00:52:12,1,7.30,1,N,90,82,1,26.5,0.5,0.5,1,5.76,0.3,34.56
1,2018-01-01 00:04:17,2018-01-01 00:15:59,1,1.30,1,N,144,234,1,9,0.5,0.5,2.05,0,0.3,12.35
1,2018-01-01 00:17:41,2018-01-01 00:41:31,1,.80,1,N,234,164,2,14.5,0.5,0.5,0,0,0.3,15.8
1,2018-01-01 00:42:46,2018-01-01 00:44:41,1,.10,1,N,164,164,2,3,0.5,0.5,0,0,0.3,4.3
1,2018-01-01 00:48:05,2018-01-01 00:55:15,2,.20,1,N,164,164,1,6,0.5,0.5,1.45,0,0.3,8.75
1,2018-01-01 00:58:08,2018-01-01 01:05:33,1,1.00,1,N,164,68,1,6.5,0.5,0.5,1.5,0,0.3,9.3
2,2018-01-01 00:19:12,2018-01-01 00:34:49,2,1.13,1,N,237,161,2,10.5,0.5,0.5,0,0,0.3,11.8
2,2018-01-01 00:36:55,2018-01-01 00:51:58,4,.41,1,N,161,170,1,10,0.5,0.5,2.26,0,0.3,13.56
1,2018-01-01 00:17:28,2018-01-01 00:37:38,1,2.80,1,N,142,48,2,14.5,0.5,0.5,0,0,0.3,15.8
1,2018-01-01 00:55:41,2018-01-01 01:05:35,1,1.20,1,N,68,68,1,8,0.5,0.5,1.85,0,0.3,11.15
1,2018-01-01 00:32:46,2018-01-01 00:49:10,1,1.20,1,N,234,90,1,11,0.5,0.5,1.7,0,0.3,14
2,2018-01-01 00:22:51,2018-01-01 00:30:34,1,2.09,1,N,263,233,1,8.5,0.5,0.5,1,0,0.3,10.8
2,2018-01-01 00:56:42,2018-01-01 01:00:17,1,.79,1,N,236,239,1,5,0.5,0.5,1.26,0,0.3,7.56
2,2018-01-01 00:13:17,2018-01-01 00:30:22,2,2.84,1,N,234,13,1,13,0.5,0.5,2.86,0,0.3,17.16
2,2018-01-01 00:32:59,2018-01-01 00:43:19,4,1.56,1,N,13,148,2,8.5,0.5,0.5,0,0,0.3,9.8
2,2018-01-01 00:51:26,2018-01-01 01:00:53,2,1.76,1,N,144,88,1,8.5,0.5,0.5,2.45,0,0.3,12.25
2,2018-01-01 01:02:39,2018-01-01 01:04:02,2,.09,1,N,87,87,4,-3,-0.5,-0.5,0,0,-0.3,-4.3
2,2018-01-01 01:02:39,2018-01-01 01:04:02,2,.09,1,N,87,87,2,3,0.5,0.5,0,0,0.3,4.3
1,2018-01-01 00:23:47,2018-01-01 00:34:28,1,6.00,1,N,247,213,2,17.5,0.5,0.5,0,0,0.3,18.8
1,2018-01-01 00:38:57,2018-01-01 00:39:00,1,6.00,1,N,213,213,2,2.5,0.5,0.5,0,0,0.3,3.8
1,2018-01-01 00:48:59,2018-01-01 00:49:00,1,6.00,1,N,213,213,2,2.5,0.5,0.5,0,0,0.3,3.8
1,2018-01-01 00:20:53,2018-01-01 00:20:53,1,.00,1,N,161,264,2,14.5,0.5,0.5,0,0,0.3,15.8
2,2018-01-01 00:08:50,2018-01-01 00:12:03,6,1.43,1,N,75,74,2,6,0.5,0.5,0,0,0.3,7.3
2,2018-01-01 00:21:18,2018-01-01 00:24:27,6,.60,1,N,262,236,1,4.5,0.5,0.5,2,0,0.3,7.8
2,2018-01-01 00:26:54,2018-01-01 00:29:52,6,.49,1,N,236,263,1,4,0.5,0.5,1.06,0,0.3,6.36
1,2018-01-01 00:55:15,2018-01-01 01:04:17,2,1.50,1,N,114,224,1,8,0.5,0.5,1.86,0,0.3,11.16
1,2018-01-01 00:17:15,2018-01-01 00:37:37,1,4.40,1,N,107,25,1,17,0.5,0.5,5.45,0,0.3,23.75
1,2018-01-01 00:54:59,2018-01-01 00:58:41,1,.90,1,N,231,158,2,5,0.5,0.5,0,0,0.3,6.3
1,2018-01-01 00:11:46,2018-01-01 00:24:29,1,2.80,1,N,114,246,1,11.5,0.5,0.5,3.2,0,0.3,16
1,2018-01-01 00:26:48,2018-01-01 00:42:22,1,4.40,1,N,50,12,1,15.5,0.5,0.5,2.2,0,0.3,19
1,2018-01-01 00:47:32,2018-01-01 01:06:51,3,6.40,1,N,209,263,1,21,0.5,0.5,3.5,0,0.3,25.8
2,2018-01-01 00:23:24,2018-01-01 00:27:32,2,.23,2,N,186,164,2,52,0,0.5,0,0,0.3,52.8
2,2018-01-01 00:27:58,2018-01-01 00:58:10,1,3.02,1,N,164,142,1,18.5,0.5,0.5,1,0,0.3,20.8
1,2018-01-01 00:15:00,2018-01-01 00:23:01,1,1.70,1,N,239,24,1,8,0.5,0.5,1.85,0,0.3,11.15
1,2018-01-01 00:27:07,2018-01-01 00:36:21,1,1.80,1,N,24,263,1,8,0.5,0.5,2.3,0,0.3,11.6
1,2018-01-01 00:40:25,2018-01-01 00:47:22,1,2.10,1,N,236,162,2,8.5,0.5,0.5,0,0,0.3,9.8
1,2018-01-01 00:58:14,2018-01-01 01:15:34,1,3.00,1,N,237,224,1,13,0.5,0.5,2.85,0,0.3,17.15
2,2018-01-01 00:01:22,2018-01-01 00:02:35,1,.47,1,N,74,75,2,3.5,0.5,0.5,0,0,0.3,4.8
2,2018-01-01 00:08:20,2018-01-01 00:14:36,1,1.60,1,N,263,239,1,7,0.5,0.5,1.66,0,0.3,9.96
2,2018-01-01 00:20:16,2018-01-01 00:53:04,2,4.43,1,N,142,224,1,22.5,0.5,0.5,1,0,0.3,24.8
2,2018-01-01 01:00:12,2018-01-01 01:01:44,1,.53,1,N,233,229,2,3.5,0.5,0.5,0,0,0.3,4.8
1,2018-01-01 00:18:31,2018-01-01 00:23:38,2,.70,1,N,43,236,1,5.5,0.5,0.5,1.35,0,0.3,8.15
1,2018-01-01 00:28:40,2018-01-01 00:33:10,1,1.10,1,N,237,162,2,6,0.5,0.5,0,0,0.3,7.3
1,2018-01-01 00:44:11,2018-01-01 01:14:59,2,2.10,1,N,161,68,1,18.5,0.5,0.5,3.95,0,0.3,23.75
1,2018-01-01 00:27:24,2018-01-01 00:37:55,1,2.80,1,N,143,166,1,10.5,0.5,0.5,3.5,0,0.3,15.3
1,2018-01-01 00:43:39,2018-01-01 01:09:38,1,6.80,1,N,151,79,1,24.5,0.5,0.5,5.15,0,0.3,30.95
2,2018-01-01 00:06:47,2018-01-01 00:09:13,1,.47,1,N,238,238,2,4,0.5,0.5,0,0,0.3,5.3
2,2018-01-01 00:12:29,2018-01-01 00:16:56,1,.88,1,N,238,166,1,5.5,0.5,0.5,1.36,0,0.3,8.16
2,2018-01-01 00:21:33,2018-01-01 00:39:57,1,6.31,1,N,151,249,2,20.5,0.5,0.5,0,0,0.3,21.8
2,2018-01-01 00:44:01,2018-01-01 01:02:55,1,3.99,1,N,249,239,1,15.5,0.5,0.5,5.04,0,0.3,21.84
2,2018-01-01 00:11:27,2018-01-01 00:21:57,1,2.54,1,N,209,66,2,10,0.5,0.5,0,0,0.3,11.3
2,2018-01-01 00:29:24,2018-01-01 00:48:55,1,4.20,1,N,65,186,2,16.5,0.5,0.5,0,0,0.3,17.8
1,2018-01-01 00:08:10,2018-01-01 00:12:53,4,.70,1,N,4,232,2,5,0.5,0.5,0,0,0.3,6.3
1,2018-01-01 00:19:39,2018-01-01 00:31:58,2,1.30,1,N,232,79,2,9,0.5,0.5,0,0,0.3,10.3
1,2018-01-01 00:35:41,2018-01-01 00:44:15,1,.80,1,N,4,148,1,7,0.5,0.5,1.25,0,0.3,9.55
1,2018-01-01 00:46:56,2018-01-01 00:52:52,1,.80,1,N,148,4,1,5.5,0.5,0.5,1.35,0,0.3,8.15
1,2018-01-01 00:57:14,2018-01-01 01:02:57,2,1.10,1,N,4,224,2,6,0.5,0.5,0,0,0.3,7.3
1,2018-01-01 00:12:01,2018-01-01 00:28:32,2,2.90,1,N,79,233,1,12.5,0.5,0.5,3,0,0.3,16.8
1,2018-01-01 00:36:27,2018-01-01 00:56:17,2,6.50,1,N,233,13,2,21.5,0.5,0.5,0,0,0.3,22.8
1,2018-01-01 00:58:07,2018-01-01 01:08:41,3,1.90,1,N,13,249,2,9.5,0.5,0.5,0,0,0.3,10.8
1,2018-01-01 00:31:07,2018-01-01 00:47:11,1,1.70,1,N,234,170,2,11,0.5,0.5,0,0,0.3,12.3
1,2018-01-01 00:58:26,2018-01-01 01:04:32,1,1.40,1,N,229,263,2,6.5,0.5,0.5,0,0,0.3,7.8
1,2018-01-01 00:49:19,2018-01-01 01:11:58,2,9.10,1,N,138,238,1,28,0.5,0.5,7,5.76,0.3,42.06
2,2018-01-01 00:38:33,2018-01-01 00:41:13,1,.61,1,N,141,141,1,4,0.5,0.5,1.06,0,0.3,6.36
2,2018-01-01 00:45:13,2018-01-01 00:50:47,1,.98,1,N,263,75,1,6,0.5,0.5,1.82,0,0.3,9.12
2,2018-01-01 00:59:59,2018-01-01 01:05:00,1,.93,1,N,237,237,1,5.5,0.5,0.5,1.36,0,0.3,8.16
1,2018-01-01 00:09:10,2018-01-01 00:26:33,2,3.70,1,N,87,189,1,15,0.5,0.5,1,0,0.3,17.3
1,2018-01-01 00:43:46,2018-01-01 00:54:18,1,1.80,1,N,144,234,2,9,0.5,0.5,0,0,0.3,10.3
1,2018-01-01 00:57:29,2018-01-01 01:24:38,2,3.10,1,N,234,142,2,17.5,0.5,0.5,0,0,0.3,18.8
1,2018-01-01 00:08:46,2018-01-01 00:24:07,2,3.00,1,N,43,162,2,12.5,0.5,0.5,0,0,0.3,13.8
1,2018-01-01 00:28:57,2018-01-01 00:36:34,2,1.60,1,N,229,263,1,7.5,0.5,0.5,2,0,0.3,10.8
1,2018-01-01 00:38:43,2018-01-01 00:51:39,1,2.90,1,N,263,170,1,13,0.5,0.5,4.25,0,0.3,18.55
1,2018-01-01 00:27:43,2018-01-01 00:39:13,2,5.70,1,N,264,264,4,17.5,0.5,0.5,0,0,0.3,18.8
1,2018-01-01 00:45:05,2018-01-01 00:51:23,3,.40,1,N,264,264,2,5.5,0.5,0.5,0,0,0.3,6.8
1,2018-01-01 00:18:40,2018-01-01 00:19:55,2,.40,1,N,262,262,1,3.5,0.5,0.5,2,0,0.3,6.8
1,2018-01-01 00:21:08,2018-01-01 00:30:31,1,1.90,1,N,262,239,1,9,0.5,0.5,2.05,0,0.3,12.35
1,2018-01-01 00:36:24,2018-01-01 01:02:06,2,2.80,1,N,142,170,1,17,0.5,0.5,2.75,0,0.3,21.05
1,2018-01-01 00:08:49,2018-01-01 00:35:14,2,5.20,1,N,209,164,1,22,0.5,0.5,5.8,0,0.3,29.1
1,2018-01-01 00:37:13,2018-01-01 00:59:59,3,2.50,1,N,164,158,2,15,0.5,0.5,0,0,0.3,16.3
1,2018-01-01 00:32:51,2018-01-01 00:50:22,2,2.50,1,N,234,229,1,13,0.5,0.5,3.55,0,0.3,17.85
1,2018-01-01 00:51:19,2018-01-01 01:10:28,2,2.70,1,N,229,113,1,13.5,0.5,0.5,2.95,0,0.3,17.75
1,2018-01-01 00:25:58,2018-01-01 00:46:34,1,3.40,1,N,237,224,2,15.5,0.5,0.5,0,0,0.3,16.8
2,2018-01-01 00:34:46,2018-01-01 00:52:55,4,2.16,1,N,48,161,1,12.5,0.5,0.5,0,0,0.3,13.8
2,2018-01-01 00:53:46,2018-01-01 01:18:43,4,1.77,1,N,161,164,2,15,0.5,0.5,0,0,0.3,16.3
1,2018-01-01 00:17:12,2018-01-01 00:36:26,2,.50,1,N,164,186,1,12,0.5,0.5,2.65,0,0.3,15.95
1,2018-01-01 00:40:10,2018-01-01 01:03:24,1,3.20,1,N,186,140,3,16,0.5,0.5,0,0,0.3,17.3
1,2018-01-01 00:17:50,2018-01-01 00:25:26,2,1.50,1,N,237,229,1,7,0.5,0.5,2.05,0,0.3,10.35
1,2018-01-01 00:29:06,2018-01-01 00:31:21,1,.40,1,N,229,140,1,3.5,0.5,0.5,1.4,0,0.3,6.2
1,2018-01-01 00:36:50,2018-01-01 00:46:24,1,2.60,1,N,141,238,1,10,0.5,0.5,3.35,0,0.3,14.65
1,2018-01-01 00:48:19,2018-01-01 00:56:39,2,1.30,1,N,238,239,1,8,0.5,0.5,1.85,0,0.3,11.15
1,2018-01-01 00:59:28,2018-01-01 01:05:02,1,1.10,1,N,239,238,1,6,0.5,0.5,1.5,0,0.3,8.8
1,2018-01-01 00:14:34,2018-01-01 00:24:56,1,2.70,1,N,263,170,1,10.5,0.5,0.5,1,0,0.3,12.8
1,2018-01-01 00:32:46,2018-01-01 00:51:05,1,4.70,1,N,170,202,1,16.5,0.5,0.5,5.3,0,0.3,23.1
1,2018-01-01 00:35:15,2018-01-01 01:10:21,2,5.50,1,N,144,239,2,24,0.5,0.5,0,0,0.3,25.3
1,2018-01-01 00:15:32,2018-01-01 00:20:17,1,.90,1,N,144,231,1,5.5,0.5,0.5,1.35,0,0.3,8.15
1,2018-01-01 00:23:33,2018-01-01 00:43:25,2,4.50,1,N,231,143,1,17,0.5,0.5,3.65,0,0.3,21.95
1,2018-01-01 00:55:42,2018-01-01 00:57:32,1,.40,1,N,239,238,1,3.5,0.5,0.5,0.96,0,0.3,5.76
2,2018-01-01 00:09:38,2018-01-01 00:24:14,2,1.15,1,N,79,164,2,10,0.5,0.5,0,0,0.3,11.3
2,2018-01-01 00:26:22,2018-01-01 00:42:54,1,1.17,1,N,164,79,2,11,0.5,0.5,0,0,0.3,12.3
2,2018-01-01 00:46:30,2018-01-01 00:59:23,2,3.74,1,N,114,88,1,14,0.5,0.5,3.06,0,0.3,18.36
2,2018-01-01 00:32:15,2018-01-01 00:59:44,1,10.66,1,N,132,61,1,32,0.5,0.5,0,0,0.3,33.3
2,2018-01-01 00:07:53,2018-01-01 00:31:27,1,3.21,1,N,211,162,2,16,0.5,0.5,0,0,0.3,17.3
2,2018-01-01 00:32:30,2018-01-01 00:59:24,1,1.70,1,N,162,107,1,16,0.5,0.5,2.6,0,0.3,19.9
1,2018-01-01 00:30:55,2018-01-01 00:51:04,1,2.30,1,N,249,50,1,13.5,0.5,0.5,2.95,0,0.3,17.75
1,2018-01-01 00:59:57,2018-01-01 01:07:59,1,1.70,1,N,50,239,1,7.5,0.5,0.5,1,0,0.3,9.8
2,2018-01-01 00:37:31,2018-01-01 01:24:24,1,22.07,5,N,132,265,1,113,0,0,24.76,10.5,0.3,148.56
1,2018-01-01 00:04:06,2018-01-01 00:13:04,3,1.00,1,N,148,113,2,7,0.5,0.5,0,0,0.3,8.3
1,2018-01-01 00:36:26,2018-01-01 00:50:40,2,3.80,1,N,237,42,1,13.5,0.5,0.5,2,0,0.3,16.8
1,2018-01-01 00:40:13,2018-01-01 01:31:28,2,16.40,1,N,186,205,2,54,0.5,0.5,0,5.76,0.3,61.06
2,2018-01-01 00:14:09,2018-01-01 00:25:27,1,1.87,1,N,79,137,1,9,0.5,0.5,1.03,0,0.3,11.33
2,2018-01-01 00:27:43,2018-01-01 00:40:27,1,2.62,1,N,233,262,2,11.5,0.5,0.5,0,0,0.3,12.8
2,2018-01-01 00:49:39,2018-01-01 00:57:36,1,1.52,1,N,141,263,2,7.5,0.5,0.5,0,0,0.3,8.8
2,2018-01-01 00:14:05,2018-01-01 00:17:30,2,.58,1,N,148,79,1,4,0.5,0.5,1.06,0,0.3,6.36
2,2018-01-01 00:19:15,2018-01-01 00:36:00,4,3.33,1,N,79,80,1,15,0.5,0.5,3.26,0,0.3,19.56
2,2018-01-01 00:37:06,2018-01-01 00:55:46,1,4.32,1,N,80,114,2,16.5,0.5,0.5,0,0,0.3,17.8
2,2018-01-01 00:56:18,2018-01-01 01:02:59,2,1.17,1,N,114,107,1,6.5,0.5,0.5,1,0,0.3,8.8
2,2018-01-01 00:08:11,2018-01-01 00:40:09,5,4.77,1,N,114,141,1,22,0.5,0.5,20,0,0.3,43.3
2,2018-01-01 00:50:16,2018-01-01 00:57:26,5,1.37,1,N,263,43,1,7,0.5,0.5,2.49,0,0.3,10.79
1,2018-01-01 00:14:05,2018-01-01 00:25:20,4,1.30,1,N,113,164,2,8.5,0.5,0.5,0,0,0.3,9.8
1,2018-01-01 00:34:05,2018-01-01 00:57:56,3,8.20,1,N,170,181,1,26.5,0.5,0.5,6.95,0,0.3,34.75
1,2018-01-01 00:18:09,2018-01-01 00:28:23,4,1.30,1,N,112,255,3,8.5,0.5,0.5,0,0,0.3,9.8
1,2018-01-01 00:32:47,2018-01-01 00:51:23,4,4.30,1,N,255,7,2,16.5,0.5,0.5,0,0,0.3,17.8
2,2018-01-01 00:17:58,2018-01-01 00:20:30,1,.58,1,N,170,107,2,4,0.5,0.5,0,0,0.3,5.3
2,2018-01-01 00:28:18,2018-01-01 00:35:07,1,.90,1,N,234,113,2,6,0.5,0.5,0,0,0.3,7.3
2,2018-01-01 00:44:05,2018-01-01 01:28:48,1,12.01,1,N,249,126,1,41,0.5,0.5,8.46,0,0.3,50.76
1,2018-01-01 00:26:54,2018-01-01 00:34:22,2,.90,1,N,137,170,2,6.5,0.5,0.5,0,0,0.3,7.8
1,2018-01-01 00:20:32,2018-01-01 00:25:04,1,.40,1,N,43,43,1,5,0.5,0.5,1.25,0,0.3,7.55
1,2018-01-01 00:28:25,2018-01-01 01:04:03,1,2.00,1,N,43,164,2,20.5,0.5,0.5,0,0,0.3,21.8
2,2018-01-01 00:40:59,2018-01-01 00:48:06,1,.67,1,N,68,90,1,6,0.5,0.5,1.46,0,0.3,8.76
2,2018-01-01 00:49:47,2018-01-01 01:15:10,1,2.99,1,N,90,114,1,16.5,0.5,0.5,1,0,0.3,18.8
1,2018-01-01 00:12:15,2018-01-01 00:17:45,1,.50,1,N,89,89,2,5.5,0.5,0.5,0,0,0.3,6.8
1,2018-01-01 00:58:09,2018-01-01 01:35:58,2,24.00,1,N,132,220,1,65.5,0.5,0.5,18.1,5.76,0.3,90.66
1,2018-01-01 00:08:12,2018-01-01 00:11:03,2,.90,1,N,229,141,2,5,0.5,0.5,0,0,0.3,6.3
1,2018-01-01 00:20:55,2018-01-01 00:44:00,1,12.70,1,N,140,133,2,35.5,0.5,0.5,0,0,0.3,36.8
2,2018-01-01 00:13:03,2018-01-01 00:18:17,1,.91,1,N,43,239,1,6,0.5,0.5,1.82,0,0.3,9.12
2,2018-01-01 00:22:55,2018-01-01 00:40:00,2,3.89,1,N,239,249,1,15,0.5,0.5,4.08,0,0.3,20.38
2,2018-01-01 00:41:53,2018-01-01 00:54:49,1,1.51,1,N,249,246,1,9,0.5,0.5,2.06,0,0.3,12.36
2,2018-01-01 00:55:55,2018-01-01 01:17:16,1,3.09,1,N,246,229,1,15,0.5,0.5,4.08,0,0.3,20.38
1,2018-01-01 00:51:43,2018-01-01 01:00:46,2,2.00,1,N,249,209,2,8.5,0.5,0.5,0,0,0.3,9.8
1,2018-01-01 00:08:32,2018-01-01 00:24:52,2,4.40,1,N,264,264,2,16,0.5,0.5,0,0,0.3,17.3
1,2018-01-01 00:29:13,2018-01-01 00:52:32,2,3.80,1,N,264,264,1,17.5,0.5,0.5,3.75,0,0.3,22.55
1,2018-01-01 00:57:25,2018-01-01 01:19:30,2,2.70,1,N,264,264,2,15.5,0.5,0.5,0,0,0.3,16.8
2,2018-01-01 00:47:26,2018-01-01 01:02:43,2,1.93,1,N,161,237,1,11.5,0.5,0.5,1,0,0.3,13.8
1,2018-01-01 00:28:42,2018-01-01 00:33:51,1,1.40,1,N,13,87,2,6.5,0.5,0.5,0,0,0.3,7.8
2,2018-01-01 00:21:16,2018-01-01 00:31:23,1,1.54,1,N,249,90,2,8.5,0.5,0.5,0,0,0.3,9.8
2,2018-01-01 00:38:09,2018-01-01 01:02:09,1,2.11,1,N,234,170,1,14,0.5,0.5,2.5,0,0.3,17.8
1,2018-01-01 00:16:31,2018-01-01 00:18:27,1,.20,1,N,162,237,2,3.5,0.5,0.5,0,0,0.3,4.8
1,2018-01-01 00:28:07,2018-01-01 00:34:45,2,.90,1,N,237,162,1,6,0.5,0.5,2,0,0.3,9.3
1,2018-01-01 00:52:28,2018-01-01 01:28:50,0,17.90,2,N,132,262,1,52,0,0.5,20,0,0.3,72.8
1,2018-01-01 00:15:34,2018-01-01 00:19:33,1,.70,1,N,264,264,2,5,0.5,0.5,0,0,0.3,6.3
1,2018-01-01 00:23:41,2018-01-01 00:28:27,1,1.20,1,N,264,264,1,6,0.5,0.5,1.5,0,0.3,8.8
1,2018-01-01 00:40:06,2018-01-01 00:54:27,2,2.60,1,N,264,264,1,11.5,0.5,0.5,2,0,0.3,14.8
1,2018-01-01 00:28:36,2018-01-01 00:45:51,2,2.40,1,N,113,161,2,13,0.5,0.5,0,0,0.3,14.3
1,2018-01-01 00:52:14,2018-01-01 00:56:50,2,.80,1,N,229,170,1,5,0.5,0.5,1.25,0,0.3,7.55
2,2018-01-01 00:13:02,2018-01-01 00:25:34,1,2.26,1,N,239,262,2,10,0.5,0.5,0,0,0.3,11.3
2,2018-01-01 00:29:21,2018-01-01 00:37:30,1,1.82,1,N,262,229,1,8.5,0.5,0.5,2.2,0,0.3,12
2,2018-01-01 00:48:13,2018-01-01 00:58:06,1,.50,1,N,163,161,2,7.5,0.5,0.5,0,0,0.3,8.8
2,2018-01-01 00:27:29,2018-01-01 00:40:56,1,2.74,1,N,239,166,1,12,0.5,0.5,2.66,0,0.3,17.91
2,2018-01-01 00:46:22,2018-01-01 00:56:19,1,2.16,1,N,151,263,1,9.5,0.5,0.5,2,0,0.3,12.8
1,2018-01-01 00:30:01,2018-01-01 00:36:37,1,.60,1,N,237,141,1,6,0.5,0.5,1.45,0,0.3,8.75
1,2018-01-01 00:59:41,2018-01-01 01:03:30,1,.80,1,N,141,263,1,5,0.5,0.5,0.88,0,0.3,7.18
1,2018-01-01 00:02:16,2018-01-01 00:17:26,2,1.70,1,N,234,224,1,11,0.5,0.5,3.05,0,0.3,15.35
1,2018-01-01 00:18:43,2018-01-01 00:35:07,2,3.00,1,N,224,140,1,13.5,0.5,0.5,2.2,0,0.3,17
1,2018-01-01 00:42:42,2018-01-01 00:57:36,2,1.90,1,N,141,164,1,11,0.5,0.5,2.45,0,0.3,14.75
2,2018-01-01 00:14:24,2018-01-01 00:50:17,2,13.31,1,N,132,25,1,39.5,0.5,0.5,8.16,0,0.3,48.96
2,2018-01-01 00:59:09,2018-01-01 01:16:32,2,4.64,1,N,52,255,1,17,0.5,0.5,2.74,0,0.3,22.99
1,2018-01-01 00:17:16,2018-01-01 00:17:49,1,1.30,1,N,142,142,2,2.5,0.5,0.5,0,0,0.3,3.8
1,2018-01-01 00:24:43,2018-01-01 00:37:58,1,2.40,1,N,237,143,2,11,0.5,0.5,0,0,0.3,12.3
1,2018-01-01 00:42:16,2018-01-01 00:44:29,2,.50,1,N,143,239,1,4,0.5,0.5,1.05,0,0.3,6.35
1,2018-01-01 00:46:32,2018-01-01 00:57:52,2,1.90,1,N,239,142,2,9.5,0.5,0.5,0,0,0.3,10.8
1,2018-01-01 00:06:56,2018-01-01 00:12:08,1,1.60,1,N,263,229,1,6.5,0.5,0.5,1.95,0,0.3,9.75
1,2018-01-01 00:22:01,2018-01-01 00:38:24,1,4.20,1,N,141,152,1,15,0.5,0.5,3.25,0,0.3,19.55
1,2018-01-01 00:40:59,2018-01-01 00:54:03,1,1.70,1,N,166,74,2,10,0.5,0.5,0,0,0.3,11.3
1,2018-01-01 00:59:09,2018-01-01 01:07:13,1,2.40,1,N,263,229,2,9,0.5,0.5,0,0,0.3,10.3
1,2018-01-01 00:09:20,2018-01-01 00:15:45,1,1.00,1,N,229,170,1,6,0.5,0.5,1.45,0,0.3,8.75
1,2018-01-01 00:23:45,2018-01-01 00:32:28,1,1.20,1,N,170,229,4,7,0.5,0.5,0,0,0.3,8.3
1,2018-01-01 00:42:56,2018-01-01 00:58:02,1,4.40,1,N,237,42,1,15,0.5,0.5,10,0,0.3,26.3
2,2018-01-01 00:10:35,2018-01-01 00:44:11,6,1.88,1,N,114,164,1,19.5,0.5,0.5,0,0,0.3,20.8
2,2018-01-01 00:48:19,2018-01-01 01:17:54,6,1.35,1,N,230,186,2,17.5,0.5,0.5,0,0,0.3,18.8
2,2018-01-01 00:15:46,2018-01-01 00:19:58,1,.97,1,N,262,236,2,5.5,0.5,0.5,0,0,0.3,6.8
2,2018-01-01 00:21:34,2018-01-01 00:25:02,1,1.05,1,N,236,237,1,5,0.5,0.5,1.26,0,0.3,7.56
2,2018-01-01 00:26:12,2018-01-01 00:34:44,1,1.56,1,N,237,142,1,8,0.5,0.5,1.86,0,0.3,11.16
1,2018-01-01 00:15:58,2018-01-01 00:20:57,1,.60,1,N,43,239,1,5,0.5,0.5,1.85,0,0.3,8.15
1,2018-01-01 00:22:13,2018-01-01 00:35:47,1,1.30,1,N,239,48,2,10.5,0.5,0.5,0,0,0.3,11.8
1,2018-01-01 00:51:22,2018-01-01 01:03:10,2,2.40,1,N,238,140,1,10.5,0.5,0.5,2.95,0,0.3,14.75
2,2018-01-01 00:28:49,2018-01-01 00:31:00,1,.41,1,N,142,142,1,3.5,0.5,0.5,0.96,0,0.3,5.76
2,2018-01-01 00:32:01,2018-01-01 00:39:32,1,.74,1,N,142,143,2,6.5,0.5,0.5,0,0,0.3,7.8
2,2018-01-01 00:42:35,2018-01-01 00:53:27,1,1.68,1,N,143,238,2,9.5,0.5,0.5,0,0,0.3,10.8
2,2018-01-01 00:59:29,2018-01-01 01:10:14,1,2.16,1,N,239,24,1,10,0.5,0.5,2.26,0,0.3,13.56
1,2018-01-01 00:32:19,2018-01-01 01:06:22,1,20.80,2,N,132,239,1,52,0,0.5,11.7,5.76,0.3,70.26
1,2018-01-01 00:41:02,2018-01-01 00:48:54,1,1.70,1,N,82,160,4,7.5,0.5,0.5,0,0,0.3,8.8
1,2018-01-01 00:21:20,2018-01-01 00:55:02,2,2.50,1,N,237,107,1,20,0.5,0.5,4.25,0,0.3,25.55
1,2018-01-01 00:59:32,2018-01-01 01:13:53,2,1.50,1,N,234,148,1,10,0.5,0.5,1.13,0,0.3,12.43
1,2018-01-01 00:16:28,2018-01-01 00:32:41,2,2.60,1,N,239,236,1,12.5,0.5,0.5,2.76,0,0.3,16.56
1,2018-01-01 00:36:04,2018-01-01 00:53:45,2,3.80,1,N,236,116,1,14.5,0.5,0.5,3.15,0,0.3,18.95
2,2018-01-01 00:22:19,2018-01-01 00:37:23,1,2.82,1,N,179,82,2,12.5,0.5,0.5,0,0,0.3,13.8
2,2018-01-01 00:52:02,2018-01-01 01:04:54,1,2.33,1,N,226,7,1,10.5,0.5,0.5,2.95,0,0.3,14.75
2,2018-01-01 00:24:51,2018-01-01 00:32:56,1,1.46,1,N,113,231,2,7.5,0.5,0.5,0,0,0.3,8.8
2,2018-01-01 00:39:25,2018-01-01 00:56:41,1,2.23,1,N,211,170,1,12.5,0.5,0.5,2.76,0,0.3,16.56
2,2018-01-01 00:32:59,2018-01-01 00:53:27,3,5.96,1,N,50,74,2,20,0.5,0.5,0,0,0.3,21.3
2,2018-01-01 00:57:01,2018-01-01 01:05:26,3,1.35,1,N,74,41,2,7.5,0.5,0.5,0,0,0.3,8.8
2,2018-01-01 00:09:07,2018-01-01 00:24:29,2,8.69,1,N,138,140,1,24.5,0.5,0.5,6.31,5.76,0.3,37.87
2,2018-01-01 00:07:25,2018-01-01 00:12:01,1,.91,1,N,231,144,2,5.5,0.5,0.5,0,0,0.3,6.8
2,2018-01-01 00:12:47,2018-01-01 00:15:58,1,.62,1,N,144,211,1,4.5,0.5,0.5,1.74,0,0.3,7.54
2,2018-01-01 00:18:13,2018-01-01 00:44:45,1,7.65,1,N,211,75,2,27,0.5,0.5,0,0,0.3,28.3
2,2018-01-01 00:53:55,2018-01-01 00:57:38,1,.80,1,N,237,236,1,5,0.5,0.5,1.26,0,0.3,7.56
2,2018-01-01 00:40:42,2018-01-01 00:53:18,1,5.38,1,N,132,203,2,16.5,0.5,0.5,0,0,0.3,17.8
1,2018-01-01 00:20:47,2018-01-01 00:28:29,1,.90,1,N,4,232,2,6.5,0.5,0.5,0,0,0.3,7.8
1,2018-01-01 00:34:01,2018-01-01 00:54:18,1,2.90,1,N,4,68,2,14.5,0.5,0.5,0,0,0.3,15.8
1,2018-01-01 00:55:53,2018-01-01 01:22:03,1,4.70,1,N,68,65,1,20,0.5,0.5,5.3,0,0.3,26.6
2,2018-01-01 00:08:52,2018-01-01 00:19:12,1,1.44,1,N,43,170,2,8,0.5,0.5,0,0,0.3,9.3
2,2018-01-01 00:27:04,2018-01-01 00:47:39,2,2.97,1,N,68,232,1,14.5,0.5,0.5,0,0,0.3,15.8
2,2018-01-01 00:48:25,2018-01-01 01:07:54,3,3.41,1,N,232,246,2,15,0.5,0.5,0,0,0.3,16.3
2,2018-01-01 01:00:04,2018-01-01 01:30:20,1,18.40,2,N,132,79,1,52,0,0.5,10.56,0,0.3,63.36
2,2018-01-01 00:23:27,2018-01-01 00:55:14,2,11.62,1,N,48,20,2,36.5,0.5,0.5,0,0,0.3,37.8
2,2018-01-01 00:34:58,2018-01-01 00:41:44,2,.89,1,N,229,161,2,6.5,0.5,0.5,0,0,0.3,7.8
2,2018-01-01 00:43:32,2018-01-01 00:47:20,2,.55,1,N,161,237,1,4.5,0.5,0.5,1.16,0,0.3,6.96
2,2018-01-01 00:18:08,2018-01-01 00:50:52,2,2.41,1,N,43,48,1,20,0.5,0.5,4.26,0,0.3,25.56
2,2018-01-01 00:52:26,2018-01-01 00:57:08,3,.17,1,N,48,50,2,4.5,0.5,0.5,0,0,0.3,5.8
2,2018-01-01 00:58:40,2018-01-01 01:17:24,4,3.72,1,N,50,236,1,15.5,0.5,0.5,3.36,0,0.3,20.16
1,2018-01-01 00:19:57,2018-01-01 00:31:48,2,2.80,1,N,48,24,1,11,0.5,0.5,3.65,0,0.3,15.95
1,2018-01-01 00:48:07,2018-01-01 00:56:54,2,1.80,1,N,151,142,1,8,0.5,0.5,0,0,0.3,9.3
1,2018-01-01 00:31:05,2018-01-01 00:41:35,1,2.50,1,N,144,65,1,11,0.5,0.5,2,0,0.3,14.3
1,2018-01-01 00:50:35,2018-01-01 00:57:34,1,1.70,1,N,231,234,1,7.5,0.5,0.5,1.75,0,0.3,10.55
2,2018-01-01 00:07:23,2018-01-01 00:30:15,1,3.72,1,N,229,211,2,16.5,0.5,0.5,0,0,0.3,17.8
2,2018-01-01 00:31:42,2018-01-01 00:41:11,1,1.41,1,N,211,87,1,8,0.5,0.5,1.86,0,0.3,11.16
2,2018-01-01 00:45:20,2018-01-01 01:26:04,1,11.62,1,N,45,167,1,37.5,0.5,0.5,4,0,0.3,42.8
2,2018-01-01 00:44:41,2018-01-01 01:10:07,1,3.68,1,N,164,151,1,17.5,0.5,0.5,0.38,0,0.3,21.13
1,2018-01-01 00:56:14,2018-01-01 01:28:59,1,2.20,1,N,107,48,1,19.5,0.5,0.5,4.15,0,0.3,24.95
1,2018-01-01 00:11:32,2018-01-01 00:24:36,2,2.70,1,N,107,232,1,11.5,0.5,0.5,1,0,0.3,13.8
1,2018-01-01 00:31:12,2018-01-01 00:45:47,2,1.90,1,N,79,158,1,11,0.5,0.5,3.05,0,0.3,15.35
1,2018-01-01 00:49:53,2018-01-01 00:51:59,4,.30,1,N,249,158,1,3.5,0.5,0.5,0.95,0,0.3,5.75
1,2018-01-01 00:55:21,2018-01-01 01:02:16,4,1.00,1,N,249,246,1,6.5,0.5,0.5,1.56,0,0.3,9.36
1,2018-01-01 00:00:03,2018-01-01 00:21:06,1,6.10,1,N,255,236,2,20.5,0.5,0.5,0,0,0.3,21.8
1,2018-01-01 00:25:07,2018-01-01 00:31:37,2,1.00,1,N,236,262,2,6.5,0.5,0.5,0,0,0.3,7.8
1,2018-01-01 00:34:15,2018-01-01 00:36:42,4,.40,1,N,263,262,1,4,0.5,0.5,1.3,0,0.3,6.6
1,2018-01-01 00:45:25,2018-01-01 00:54:29,4,.90,1,N,141,140,2,7.5,0.5,0.5,0,0,0.3,8.8
1,2018-01-01 00:57:35,2018-01-01 01:12:05,4,2.80,1,N,140,238,1,12.5,0.5,0.5,1.5,0,0.3,15.3
1,2018-01-01 00:11:03,2018-01-01 00:19:44,1,3.10,1,N,263,168,2,11,0.5,0.5,0,0,0.3,12.3
1,2018-01-01 00:33:17,2018-01-01 00:42:30,1,2.30,1,N,263,151,1,9.5,0.5,0.5,2.7,0,0.3,13.5
1,2018-01-01 00:45:23,2018-01-01 01:17:47,1,6.00,1,N,151,113,1,24.5,0.5,0.5,6.45,0,0.3,32.25
2,2018-01-01 00:38:41,2018-01-01 00:42:12,2,.48,1,N,79,113,2,4.5,0.5,0.5,0,0,0.3,5.8
2,2018-01-01 00:43:18,2018-01-01 01:09:13,2,2.92,1,N,113,48,1,17.5,0.5,0.5,1.2,0,0.3,20
2,2018-01-01 00:32:38,2018-01-01 00:46:20,4,3.10,1,N,148,255,2,12.5,0.5,0.5,0,0,0.3,13.8
2,2018-01-01 00:57:13,2018-01-01 01:06:20,5,1.47,1,N,232,107,1,8,0.5,0.5,1.86,0,0.3,11.16
1,2018-01-01 00:46:47,2018-01-01 01:04:34,2,1.40,1,N,48,186,2,12,0,0.5,0,0,0.3,12.8
1,2018-01-01 00:06:56,2018-01-01 00:18:52,1,1.80,1,N,148,125,1,9.5,0.5,0.5,2.15,0,0.3,12.95
1,2018-01-01 00:26:54,2018-01-01 00:34:09,1,.80,1,N,211,148,3,6.5,0.5,0.5,0,0,0.3,7.8
1,2018-01-01 00:50:56,2018-01-01 01:15:53,1,7.80,1,N,79,129,3,26,0.5,0.5,0,5.76,0.3,33.06
1,2018-01-01 00:46:41,2018-01-01 01:10:55,1,2.40,1,N,234,186,2,16,0.5,0.5,0,0,0.3,17.3
2,2018-01-01 00:10:02,2018-01-01 00:25:01,1,1.69,1,N,114,137,1,10.5,0.5,0.5,1.2,0,0.3,13
1,2018-01-01 00:10:56,2018-01-01 00:25:31,1,.90,1,N,161,170,1,10,0.5,0.5,1,0,0.3,12.3
1,2018-01-01 00:45:18,2018-01-01 00:58:18,1,1.50,1,N,170,113,1,9.5,0.5,0.5,1.11,0,0.3,11.91
1,2018-01-01 00:26:25,2018-01-01 00:34:36,1,1.00,1,N,158,90,1,6.5,0.5,0.5,1.55,0,0.3,9.35
1,2018-01-01 00:36:33,2018-01-01 00:42:59,1,.70,1,N,234,107,2,6,0.5,0.5,0,0,0.3,7.3
1,2018-01-01 00:58:23,2018-01-01 01:27:41,1,3.80,1,N,249,143,1,20,0.5,0.5,4.25,0,0.3,25.55
1,2018-01-01 00:33:42,2018-01-01 00:50:59,5,1.80,1,N,264,79,2,11.5,0.5,0.5,0,0,0.3,12.8
1,2018-01-01 00:55:10,2018-01-01 01:03:22,1,1.30,1,N,79,232,2,7.5,0.5,0.5,0,0,0.3,8.8
1,2018-01-01 00:16:59,2018-01-01 00:22:33,1,1.00,1,N,239,238,1,6,0.5,0.5,1.46,0,0.3,8.76
1,2018-01-01 00:25:05,2018-01-01 00:41:18,1,4.40,1,N,43,158,1,16,0.5,0.5,5.15,0,0.3,22.45
1,2018-01-01 00:53:15,2018-01-01 01:17:11,1,2.40,1,N,234,50,2,15.5,0.5,0.5,0,0,0.3,16.8
2,2018-01-01 00:24:35,2018-01-01 00:42:12,1,4.09,1,N,181,148,1,16,0.5,0.5,3.46,0,0.3,20.76
2,2018-01-01 00:45:24,2018-01-01 00:53:25,1,1.55,1,N,148,107,1,7.5,0.5,0.5,1.76,0,0.3,10.56
2,2018-01-01 00:57:31,2018-01-02 00:53:25,1,.00,1,N,107,107,1,2.5,0.5,0.5,0.76,0,0.3,4.56
1,2018-01-01 00:57:00,2018-01-01 01:01:37,1,1.10,1,N,48,143,2,6,0.5,0.5,0,0,0.3,7.3
1,2018-01-01 00:52:50,2018-01-01 01:07:33,1,4.60,1,N,132,139,2,16.5,0.5,0.5,0,0,0.3,17.8
1,2018-01-01 00:13:58,2018-01-01 00:21:57,2,2.10,1,N,237,238,1,9,0.5,0.5,1.5,0,0.3,11.8
1,2018-01-01 00:26:15,2018-01-01 00:36:51,1,2.00,1,N,238,262,1,9.5,0.5,0.5,2.15,0,0.3,12.95
1,2018-01-01 00:44:41,2018-01-01 01:00:32,3,3.90,1,N,236,152,1,14.5,0.5,0.5,0,0,0.3,15.8
1,2018-01-01 00:15:17,2018-01-01 00:16:57,1,.40,1,N,236,236,1,3.5,0.5,0.5,1.4,0,0.3,6.2
1,2018-01-01 00:22:59,2018-01-01 00:29:11,1,1.00,1,N,237,262,1,6,0.5,0.5,1.45,0,0.3,8.75
1,2018-01-01 00:31:48,2018-01-01 00:35:38,1,.70,1,N,262,141,1,5,0.5,0.5,2,0,0.3,8.3
1,2018-01-01 00:38:31,2018-01-01 00:43:42,1,1.30,1,N,237,229,2,6,0.5,0.5,0,0,0.3,7.3
1,2018-01-01 00:47:00,2018-01-01 00:50:36,1,.80,1,N,162,141,1,4.5,0.5,0.5,1.45,0,0.3,7.25
1,2018-01-01 00:51:47,2018-01-01 01:10:40,1,3.10,1,N,141,79,1,14,0.5,0.5,3.8,0,0.3,19.1
1,2018-01-01 00:23:47,2018-01-01 00:33:45,2,2.00,1,N,142,236,1,9.5,0.5,0.5,3,0,0.3,13.8
1,2018-01-01 00:36:51,2018-01-01 01:09:27,1,4.00,1,N,236,113,2,21.5,0.5,0.5,0,0,0.3,22.8
1,2018-01-01 00:21:36,2018-01-01 00:41:16,1,3.10,1,N,249,87,2,15,0.5,0.5,0,0,0.3,16.3
1,2018-01-01 00:58:04,2018-01-01 01:07:22,1,3.50,1,N,209,107,1,12.5,0.5,0.5,2.75,0,0.3,16.55
1,2018-01-01 00:06:02,2018-01-01 00:36:45,2,1.40,1,N,142,48,1,18,0.5,0.5,3.85,0,0.3,23.15
1,2018-01-01 00:46:07,2018-01-01 00:49:47,3,.70,1,N,50,48,1,4.5,0.5,0.5,1.45,0,0.3,7.25
1,2018-01-01 00:53:32,2018-01-01 00:56:34,1,.60,1,N,48,50,2,4.5,0.5,0.5,0,0,0.3,5.8
1,2018-01-01 00:59:36,2018-01-01 01:23:58,1,4.50,1,N,143,42,1,19,0.5,0.5,6,0,0.3,26.3
1,2018-01-01 00:57:02,2018-01-01 01:10:16,1,1.80,1,N,151,236,1,10,0.5,0.5,1.5,0,0.3,12.8
1,2018-01-01 00:33:21,2018-01-01 00:49:27,1,1.10,1,N,162,170,1,10.5,0.5,0.5,1.5,0,0.3,13.3
1,2018-01-01 00:23:51,2018-01-01 00:51:40,2,6.00,1,N,107,223,1,22.5,0.5,0.5,5,0,0.3,28.8
1,2018-01-01 00:33:29,2018-01-01 00:40:57,1,1.20,1,N,141,237,2,7,0.5,0.5,0,0,0.3,8.3
1,2018-01-01 00:42:45,2018-01-01 00:54:50,1,1.20,1,N,237,161,2,9,0.5,0.5,0,0,0.3,10.3
1,2018-01-01 00:22:32,2018-01-01 00:53:57,2,5.50,1,N,113,239,1,22.5,0.5,0.5,4.75,0,0.3,28.55
1,2018-01-01 00:57:15,2018-01-01 01:06:59,2,2.00,1,N,239,236,1,9,0.5,0.5,1.03,0,0.3,11.33
2,2018-01-01 00:20:33,2018-01-01 00:25:36,1,1.16,1,N,166,116,1,6,0.5,0.5,2.19,0,0.3,9.49
2,2018-01-01 00:31:26,2018-01-01 01:08:29,1,13.51,1,N,116,33,1,41,0.5,0.5,8.46,0,0.3,52.71
1,2018-01-01 00:13:32,2018-01-01 00:54:16,1,3.10,1,N,237,170,1,23.5,0.5,0.5,1.2,0,0.3,26
2,2018-01-01 00:35:12,2018-01-01 01:08:33,1,8.00,1,N,37,141,1,27.5,0.5,0.5,5.76,0,0.3,34.56
2,2018-01-01 00:33:25,2018-01-01 00:48:48,1,3.91,1,N,79,141,1,14,0.5,0.5,3.06,0,0.3,18.36
2,2018-01-01 00:49:54,2018-01-01 00:53:28,1,.84,1,N,141,263,1,5,0.5,0.5,1.26,0,0.3,7.56
1,2018-01-01 00:29:39,2018-01-01 00:47:56,2,2.20,1,N,90,48,1,13,0.5,0.5,2,0,0.3,16.3
1,2018-01-01 00:50:05,2018-01-01 00:55:55,3,.90,1,N,48,143,1,6,0.5,0.5,1.45,0,0.3,8.75
1,2018-01-01 00:25:53,2018-01-01 00:32:15,3,1.20,1,N,257,227,2,6.5,0.5,0.5,0,0,0.3,7.8
2,2018-01-01 00:13:13,2018-01-01 00:47:12,1,14.89,1,N,142,26,1,43.5,0.5,0.5,0,0,0.3,44.8
1,2018-01-01 00:15:32,2018-01-01 00:24:37,1,1.10,1,N,163,233,2,7,0.5,0.5,0,0,0.3,8.3
1,2018-01-01 00:27:22,2018-01-01 01:16:31,1,5.40,1,N,233,231,2,30.5,0.5,0.5,0,0,0.3,31.8
2,2018-01-01 00:24:27,2018-01-01 00:31:13,1,1.11,1,N,238,24,1,6.5,0.5,0.5,1,0,0.3,8.8
2,2018-01-01 00:36:46,2018-01-01 00:46:35,1,1.83,1,N,166,74,1,9,0.5,0.5,2.58,0,0.3,12.88
2,2018-01-01 01:00:00,2018-01-01 01:05:09,1,.83,1,N,239,238,2,5.5,0.5,0.5,0,0,0.3,6.8
1,2018-01-01 00:22:56,2018-01-01 00:43:38,1,5.10,1,N,239,249,1,19,0.5,0.5,2.03,0,0.3,22.33
1,2018-01-01 00:26:55,2018-01-01 00:43:12,2,3.80,1,N,170,238,2,14.5,0.5,0.5,0,0,0.3,15.8
1,2018-01-01 00:48:37,2018-01-01 00:52:38,6,.60,1,N,236,237,1,5,0.5,0.5,60,0,0.3,66.3
1,2018-01-01 00:57:46,2018-01-01 01:04:20,1,1.90,1,N,236,238,1,8,0.5,0.5,1.85,0,0.3,11.15
2,2018-01-01 00:51:57,2018-01-01 01:13:41,1,4.56,1,N,7,80,2,17.5,0.5,0.5,0,0,0.3,18.8
1,2018-01-01 00:20:11,2018-01-01 00:41:28,2,3.30,1,N,114,48,2,15,0.5,0.5,0,0,0.3,16.3
1,2018-01-01 00:43:03,2018-01-01 01:04:09,2,2.80,1,N,48,162,1,14.5,0.5,0.5,3.95,0,0.3,19.75
2,2018-01-01 00:53:47,2018-01-01 01:00:46,1,1.43,1,N,166,239,2,7.5,0.5,0.5,0,0,0.3,8.8
2,2018-01-01 00:22:01,2018-01-01 00:28:49,2,1.37,1,N,90,125,1,7,0.5,0.5,1.66,0,0.3,9.96
2,2018-01-01 00:33:41,2018-01-01 00:40:17,2,.95,1,N,158,113,1,6,0.5,0.5,1.46,0,0.3,8.76
2,2018-01-01 00:44:04,2018-01-01 00:47:35,2,.67,1,N,113,90,1,4.5,0.5,0.5,1.16,0,0.3,6.96
2,2018-01-01 00:48:34,2018-01-01 01:07:44,2,2.41,1,N,90,161,1,13.5,0.5,0.5,4.44,0,0.3,19.24
1,2018-01-01 00:35:33,2018-01-01 00:47:43,4,1.80,1,N,238,143,1,10,0.5,0.5,2.25,0,0.3,13.55
2,2018-01-01 00:15:20,2018-01-01 00:29:07,2,2.88,1,N,239,229,1,12,0.5,0.5,3.32,0,0.3,16.62
2,2018-01-01 00:31:08,2018-01-01 00:50:47,2,3.36,1,N,140,239,2,15.5,0.5,0.5,0,0,0.3,16.8
2,2018-01-01 00:52:53,2018-01-01 01:07:23,2,2.90,1,N,239,68,1,12.5,0.5,0.5,2.76,0,0.3,16.56
1,2018-01-01 00:25:32,2018-01-01 00:37:21,1,.90,1,N,237,161,2,8.5,0.5,0.5,0,0,0.3,9.8
1,2018-01-01 00:46:53,2018-01-01 01:04:50,1,2.80,1,N,163,48,2,13,0.5,0.5,0,0,0.3,14.3
2,2017-12-31 12:12:14,2017-12-31 12:27:26,1,2.91,1,N,143,141,1,12.5,0.5,0.5,1.38,0,0.3,15.18
2,2017-12-31 12:33:49,2017-12-31 12:47:42,1,2.21,1,N,141,107,1,10.5,0.5,0.5,3.54,0,0.3,15.34
2,2017-12-31 12:52:15,2018-01-01 12:13:05,1,1.95,1,N,107,68,2,13.5,0.5,0.5,0,0,0.3,14.8
1,2018-01-01 00:20:17,2018-01-01 00:51:01,1,10.90,1,N,132,36,2,34,0.5,0.5,0,0,0.3,35.3
1,2018-01-01 00:45:44,2018-01-01 00:48:22,1,.90,1,N,141,262,1,5,0.5,0.5,1.25,0,0.3,7.55
1,2018-01-01 00:50:57,2018-01-01 01:01:19,2,1.90,1,N,262,236,1,9,0.5,0.5,2.55,0,0.3,12.85
2,2018-01-01 00:44:39,2018-01-01 00:51:37,5,1.28,1,N,74,41,2,6.5,0.5,0.5,0,0,0.3,7.8
2,2018-01-01 00:17:39,2018-01-01 00:40:39,1,4.11,1,N,164,75,1,17.5,0.5,0.5,3.76,0,0.3,22.56
2,2018-01-01 00:47:31,2018-01-01 00:53:09,1,1.44,1,N,263,162,1,6.5,0.5,0.5,1.56,0,0.3,9.36
1,2018-01-01 00:07:54,2018-01-01 00:24:30,1,7.20,1,N,170,65,1,21.5,0.5,0.5,4.55,0,0.3,27.35
1,2018-01-01 00:30:36,2018-01-01 00:44:43,1,3.00,1,N,65,113,1,13,0.5,0.5,2,0,0.3,16.3
1,2018-01-01 00:46:24,2018-01-01 01:05:44,1,3.20,1,N,114,229,2,14,0.5,0.5,0,0,0.3,15.3
1,2018-01-01 00:19:42,2018-01-01 00:26:51,1,1.30,1,N,237,236,2,7,0,0.5,0,0,0.3,7.8
1,2018-01-01 00:38:39,2018-01-01 00:45:36,1,1.60,1,N,43,142,1,7.5,0,0.5,2.05,0,0.3,10.35
1,2018-01-01 00:48:33,2018-01-01 01:18:47,1,10.50,1,N,142,220,2,32,0,0.5,0,2.64,0.3,35.44
2,2018-01-01 00:37:08,2018-01-01 01:29:00,5,1.62,1,N,161,48,2,28,0.5,0.5,0,0,0.3,29.3
2,2018-01-01 00:11:59,2018-01-01 00:23:56,1,2.08,1,N,179,7,2,8.5,0.5,0.5,0,0,0.3,9.8
2,2018-01-01 00:55:38,2018-01-01 01:02:27,1,1.42,1,N,229,140,1,7,0.5,0.5,1.66,0,0.3,9.96
2,2017-12-31 23:57:13,2018-01-01 00:31:56,1,6.11,1,N,140,236,2,17.5,0.5,0.5,0,0,0.3,18.8
2,2018-01-01 00:34:13,2018-01-01 00:43:05,1,2.47,1,N,236,42,1,9.5,0.5,0.5,2.16,0,0.3,12.96
2,2018-01-01 00:49:32,2018-01-01 00:59:52,1,1.36,1,N,41,74,2,8.5,0.5,0.5,0,0,0.3,9.8
2,2018-01-01 00:24:32,2018-01-01 00:50:35,1,5.49,1,N,234,151,1,21.5,0.5,0.5,5.7,0,0.3,28.5
2,2018-01-01 00:56:01,2018-01-01 01:17:31,1,1.75,1,N,142,68,1,14,0.5,0.5,3.06,0,0.3,18.36
1,2018-01-01 00:25:07,2018-01-01 00:44:14,2,2.30,1,N,237,48,1,13.5,0.5,0.5,2.95,0,0.3,17.75
1,2018-01-01 00:44:54,2018-01-01 00:51:49,2,1.60,1,N,48,239,1,7.5,0.5,0.5,2,0,0.3,10.8
1,2018-01-01 00:55:47,2018-01-01 00:58:26,2,.60,1,N,239,239,2,4,0.5,0.5,0,0,0.3,5.3
2,2018-01-01 00:41:42,2018-01-01 01:16:25,4,19.91,2,N,132,151,1,52,0,0.5,14.64,5.76,0.3,73.2
1,2018-01-01 00:16:51,2018-01-01 00:38:32,1,4.10,1,N,90,217,1,17,0.5,0.5,1,0,0.3,19.3
1,2018-01-01 00:50:38,2018-01-01 01:11:31,1,9.00,1,N,256,89,1,27,0.5,0.5,7.05,0,0.3,35.35
2,2018-01-01 00:13:46,2018-01-01 00:16:14,1,.59,1,N,236,236,1,4,0.5,0.5,0.53,0,0.3,5.83
2,2018-01-01 00:20:25,2018-01-01 00:22:41,1,.43,1,N,236,75,1,3.5,0.5,0.5,1.2,0,0.3,6
2,2018-01-01 00:24:42,2018-01-01 00:40:45,1,4.54,1,N,75,137,2,16.5,0.5,0.5,0,0,0.3,17.8
2,2018-01-01 00:42:06,2018-01-01 00:49:51,1,1.50,1,N,137,107,1,7.5,0.5,0.5,2.64,0,0.3,11.44